<annotation>
	<folder>all_images</folder>
	<filename>AudiSahibinden_10.jpg</filename>
	<path>/Users/canrollas/Projects/OCR/images/simple_images/all_images/AudiSahibinden_10.jpg</path>
	<source>
		<database>Unknown</database>
	</source>
	<size>
		<width>528</width>
		<height>396</height>
		<depth>3</depth>
	</size>
	<segmented>0</segmented>
	<object>
		<name>audi</name>
		<pose>Unspecified</pose>
		<truncated>0</truncated>
		<difficult>0</difficult>
		<bndbox>
			<xmin>225</xmin>
			<ymin>203</ymin>
			<xmax>297</xmax>
			<ymax>231</ymax>
		</bndbox>
	</object>
	<object>
		<name>plate</name>
		<pose>Unspecified</pose>
		<truncated>0</truncated>
		<difficult>0</difficult>
		<bndbox>
			<xmin>196</xmin>
			<ymin>239</ymin>
			<xmax>327</xmax>
			<ymax>273</ymax>
		</bndbox>
	</object>
</annotation>
