<annotation>
	<folder>all_images</folder>
	<filename>AudiSahibinden_16.jpg</filename>
	<path>/Users/canrollas/Projects/OCR/images/simple_images/all_images/AudiSahibinden_16.jpg</path>
	<source>
		<database>Unknown</database>
	</source>
	<size>
		<width>528</width>
		<height>396</height>
		<depth>3</depth>
	</size>
	<segmented>0</segmented>
	<object>
		<name>audi</name>
		<pose>Unspecified</pose>
		<truncated>0</truncated>
		<difficult>0</difficult>
		<bndbox>
			<xmin>231</xmin>
			<ymin>132</ymin>
			<xmax>287</xmax>
			<ymax>154</ymax>
		</bndbox>
	</object>
	<object>
		<name>plate</name>
		<pose>Unspecified</pose>
		<truncated>0</truncated>
		<difficult>0</difficult>
		<bndbox>
			<xmin>209</xmin>
			<ymin>160</ymin>
			<xmax>306</xmax>
			<ymax>184</ymax>
		</bndbox>
	</object>
</annotation>
