<annotation>
	<folder>all_images</folder>
	<filename>BMWSahibinden_28.jpg</filename>
	<path>/Users/canrollas/Projects/OCR/images/simple_images/all_images/BMWSahibinden_28.jpg</path>
	<source>
		<database>Unknown</database>
	</source>
	<size>
		<width>528</width>
		<height>396</height>
		<depth>3</depth>
	</size>
	<segmented>0</segmented>
	<object>
		<name>bmw</name>
		<pose>Unspecified</pose>
		<truncated>0</truncated>
		<difficult>0</difficult>
		<bndbox>
			<xmin>305</xmin>
			<ymin>190</ymin>
			<xmax>334</xmax>
			<ymax>212</ymax>
		</bndbox>
	</object>
	<object>
		<name>plate</name>
		<pose>Unspecified</pose>
		<truncated>0</truncated>
		<difficult>0</difficult>
		<bndbox>
			<xmin>266</xmin>
			<ymin>260</ymin>
			<xmax>375</xmax>
			<ymax>286</ymax>
		</bndbox>
	</object>
</annotation>
