<annotation>
	<folder>all_images</folder>
	<filename>BMWSahibinden_23.jpg</filename>
	<path>/Users/canrollas/Projects/OCR/images/simple_images/all_images/BMWSahibinden_23.jpg</path>
	<source>
		<database>Unknown</database>
	</source>
	<size>
		<width>528</width>
		<height>396</height>
		<depth>3</depth>
	</size>
	<segmented>0</segmented>
	<object>
		<name>bmw</name>
		<pose>Unspecified</pose>
		<truncated>0</truncated>
		<difficult>0</difficult>
		<bndbox>
			<xmin>377</xmin>
			<ymin>159</ymin>
			<xmax>402</xmax>
			<ymax>179</ymax>
		</bndbox>
	</object>
	<object>
		<name>plate</name>
		<pose>Unspecified</pose>
		<truncated>0</truncated>
		<difficult>0</difficult>
		<bndbox>
			<xmin>363</xmin>
			<ymin>196</ymin>
			<xmax>423</xmax>
			<ymax>236</ymax>
		</bndbox>
	</object>
</annotation>
