<annotation>
	<folder>all_images</folder>
	<filename>BMWSahibinden_21.jpg</filename>
	<path>/Users/canrollas/Projects/OCR/images/simple_images/all_images/BMWSahibinden_21.jpg</path>
	<source>
		<database>Unknown</database>
	</source>
	<size>
		<width>528</width>
		<height>396</height>
		<depth>3</depth>
	</size>
	<segmented>0</segmented>
	<object>
		<name>bmw</name>
		<pose>Unspecified</pose>
		<truncated>0</truncated>
		<difficult>0</difficult>
		<bndbox>
			<xmin>289</xmin>
			<ymin>278</ymin>
			<xmax>320</xmax>
			<ymax>307</ymax>
		</bndbox>
	</object>
	<object>
		<name>plate</name>
		<pose>Unspecified</pose>
		<truncated>0</truncated>
		<difficult>0</difficult>
		<bndbox>
			<xmin>236</xmin>
			<ymin>347</ymin>
			<xmax>367</xmax>
			<ymax>378</ymax>
		</bndbox>
	</object>
</annotation>
