<annotation>
	<folder>all_images</folder>
	<filename>BMWSahibinden_10.jpg</filename>
	<path>/Users/canrollas/Projects/OCR/images/simple_images/all_images/BMWSahibinden_10.jpg</path>
	<source>
		<database>Unknown</database>
	</source>
	<size>
		<width>528</width>
		<height>396</height>
		<depth>3</depth>
	</size>
	<segmented>0</segmented>
	<object>
		<name>bmw</name>
		<pose>Unspecified</pose>
		<truncated>0</truncated>
		<difficult>0</difficult>
		<bndbox>
			<xmin>257</xmin>
			<ymin>163</ymin>
			<xmax>292</xmax>
			<ymax>192</ymax>
		</bndbox>
	</object>
	<object>
		<name>plate</name>
		<pose>Unspecified</pose>
		<truncated>0</truncated>
		<difficult>0</difficult>
		<bndbox>
			<xmin>218</xmin>
			<ymin>239</ymin>
			<xmax>337</xmax>
			<ymax>266</ymax>
		</bndbox>
	</object>
</annotation>
