<annotation>
	<folder>all_images</folder>
	<filename>BMWSahibinden_16.jpg</filename>
	<path>/Users/canrollas/Projects/OCR/images/simple_images/all_images/BMWSahibinden_16.jpg</path>
	<source>
		<database>Unknown</database>
	</source>
	<size>
		<width>528</width>
		<height>396</height>
		<depth>3</depth>
	</size>
	<segmented>0</segmented>
	<object>
		<name>bmw</name>
		<pose>Unspecified</pose>
		<truncated>0</truncated>
		<difficult>0</difficult>
		<bndbox>
			<xmin>345</xmin>
			<ymin>237</ymin>
			<xmax>365</xmax>
			<ymax>252</ymax>
		</bndbox>
	</object>
	<object>
		<name>plate</name>
		<pose>Unspecified</pose>
		<truncated>0</truncated>
		<difficult>0</difficult>
		<bndbox>
			<xmin>335</xmin>
			<ymin>265</ymin>
			<xmax>387</xmax>
			<ymax>298</ymax>
		</bndbox>
	</object>
</annotation>
