<annotation>
	<folder>all_images</folder>
	<filename>CitroënSahibinden_13.jpg</filename>
	<path>/Users/canrollas/Projects/OCR/images/simple_images/all_images/CitroënSahibinden_13.jpg</path>
	<source>
		<database>Unknown</database>
	</source>
	<size>
		<width>528</width>
		<height>396</height>
		<depth>3</depth>
	</size>
	<segmented>0</segmented>
	<object>
		<name>citroen</name>
		<pose>Unspecified</pose>
		<truncated>0</truncated>
		<difficult>0</difficult>
		<bndbox>
			<xmin>113</xmin>
			<ymin>182</ymin>
			<xmax>138</xmax>
			<ymax>214</ymax>
		</bndbox>
	</object>
	<object>
		<name>plate</name>
		<pose>Unspecified</pose>
		<truncated>0</truncated>
		<difficult>0</difficult>
		<bndbox>
			<xmin>88</xmin>
			<ymin>230</ymin>
			<xmax>143</xmax>
			<ymax>270</ymax>
		</bndbox>
	</object>
</annotation>
