<annotation>
	<folder>all_images</folder>
	<filename>CitroënSahibinden_11.jpg</filename>
	<path>/Users/canrollas/Projects/OCR/images/simple_images/all_images/CitroënSahibinden_11.jpg</path>
	<source>
		<database>Unknown</database>
	</source>
	<size>
		<width>528</width>
		<height>396</height>
		<depth>3</depth>
	</size>
	<segmented>0</segmented>
	<object>
		<name>citroen</name>
		<pose>Unspecified</pose>
		<truncated>0</truncated>
		<difficult>0</difficult>
		<bndbox>
			<xmin>78</xmin>
			<ymin>174</ymin>
			<xmax>108</xmax>
			<ymax>204</ymax>
		</bndbox>
	</object>
	<object>
		<name>plate</name>
		<pose>Unspecified</pose>
		<truncated>0</truncated>
		<difficult>0</difficult>
		<bndbox>
			<xmin>52</xmin>
			<ymin>212</ymin>
			<xmax>106</xmax>
			<ymax>247</ymax>
		</bndbox>
	</object>
</annotation>
