<annotation>
	<folder>all_images</folder>
	<filename>CitroënSahibinden_25.jpg</filename>
	<path>/Users/canrollas/Projects/OCR/images/simple_images/all_images/CitroënSahibinden_25.jpg</path>
	<source>
		<database>Unknown</database>
	</source>
	<size>
		<width>528</width>
		<height>396</height>
		<depth>3</depth>
	</size>
	<segmented>0</segmented>
	<object>
		<name>citroen</name>
		<pose>Unspecified</pose>
		<truncated>0</truncated>
		<difficult>0</difficult>
		<bndbox>
			<xmin>104</xmin>
			<ymin>215</ymin>
			<xmax>140</xmax>
			<ymax>257</ymax>
		</bndbox>
	</object>
	<object>
		<name>plate</name>
		<pose>Unspecified</pose>
		<truncated>0</truncated>
		<difficult>0</difficult>
		<bndbox>
			<xmin>63</xmin>
			<ymin>268</ymin>
			<xmax>157</xmax>
			<ymax>319</ymax>
		</bndbox>
	</object>
</annotation>
