<annotation>
	<folder>all_images</folder>
	<filename>FiatSahibinden_29.jpg</filename>
	<path>/Users/canrollas/Projects/OCR/images/simple_images/all_images/FiatSahibinden_29.jpg</path>
	<source>
		<database>Unknown</database>
	</source>
	<size>
		<width>528</width>
		<height>396</height>
		<depth>3</depth>
	</size>
	<segmented>0</segmented>
	<object>
		<name>fiat</name>
		<pose>Unspecified</pose>
		<truncated>0</truncated>
		<difficult>0</difficult>
		<bndbox>
			<xmin>392</xmin>
			<ymin>199</ymin>
			<xmax>409</xmax>
			<ymax>219</ymax>
		</bndbox>
	</object>
	<object>
		<name>plate</name>
		<pose>Unspecified</pose>
		<truncated>0</truncated>
		<difficult>0</difficult>
		<bndbox>
			<xmin>375</xmin>
			<ymin>222</ymin>
			<xmax>426</xmax>
			<ymax>250</ymax>
		</bndbox>
	</object>
</annotation>
