<annotation>
	<folder>all_images</folder>
	<filename>FiatSahibinden_12.jpg</filename>
	<path>/Users/canrollas/Projects/OCR/images/simple_images/all_images/FiatSahibinden_12.jpg</path>
	<source>
		<database>Unknown</database>
	</source>
	<size>
		<width>528</width>
		<height>396</height>
		<depth>3</depth>
	</size>
	<segmented>0</segmented>
	<object>
		<name>fiat</name>
		<pose>Unspecified</pose>
		<truncated>0</truncated>
		<difficult>0</difficult>
		<bndbox>
			<xmin>107</xmin>
			<ymin>196</ymin>
			<xmax>122</xmax>
			<ymax>218</ymax>
		</bndbox>
	</object>
	<object>
		<name>plate</name>
		<pose>Unspecified</pose>
		<truncated>0</truncated>
		<difficult>0</difficult>
		<bndbox>
			<xmin>97</xmin>
			<ymin>218</ymin>
			<xmax>134</xmax>
			<ymax>248</ymax>
		</bndbox>
	</object>
</annotation>
