<annotation>
	<folder>all_images</folder>
	<filename>FiatSahibinden_19.jpg</filename>
	<path>/Users/canrollas/Projects/OCR/images/simple_images/all_images/FiatSahibinden_19.jpg</path>
	<source>
		<database>Unknown</database>
	</source>
	<size>
		<width>528</width>
		<height>396</height>
		<depth>3</depth>
	</size>
	<segmented>0</segmented>
	<object>
		<name>fiat</name>
		<pose>Unspecified</pose>
		<truncated>0</truncated>
		<difficult>0</difficult>
		<bndbox>
			<xmin>411</xmin>
			<ymin>226</ymin>
			<xmax>443</xmax>
			<ymax>253</ymax>
		</bndbox>
	</object>
	<object>
		<name>plate</name>
		<pose>Unspecified</pose>
		<truncated>0</truncated>
		<difficult>0</difficult>
		<bndbox>
			<xmin>394</xmin>
			<ymin>250</ymin>
			<xmax>458</xmax>
			<ymax>301</ymax>
		</bndbox>
	</object>
</annotation>
