<annotation>
	<folder>all_images</folder>
	<filename>FiatSahibinden_13.jpg</filename>
	<path>/Users/canrollas/Projects/OCR/images/simple_images/all_images/FiatSahibinden_13.jpg</path>
	<source>
		<database>Unknown</database>
	</source>
	<size>
		<width>528</width>
		<height>396</height>
		<depth>3</depth>
	</size>
	<segmented>0</segmented>
	<object>
		<name>fiat</name>
		<pose>Unspecified</pose>
		<truncated>0</truncated>
		<difficult>0</difficult>
		<bndbox>
			<xmin>93</xmin>
			<ymin>217</ymin>
			<xmax>116</xmax>
			<ymax>245</ymax>
		</bndbox>
	</object>
	<object>
		<name>plate</name>
		<pose>Unspecified</pose>
		<truncated>0</truncated>
		<difficult>0</difficult>
		<bndbox>
			<xmin>70</xmin>
			<ymin>243</ymin>
			<xmax>133</xmax>
			<ymax>288</ymax>
		</bndbox>
	</object>
</annotation>
