<annotation>
	<folder>all_images</folder>
	<filename>FordSahibinden_22.jpg</filename>
	<path>/Users/canrollas/Projects/OCR/images/simple_images/all_images/FordSahibinden_22.jpg</path>
	<source>
		<database>Unknown</database>
	</source>
	<size>
		<width>528</width>
		<height>396</height>
		<depth>3</depth>
	</size>
	<segmented>0</segmented>
	<object>
		<name>ford</name>
		<pose>Unspecified</pose>
		<truncated>0</truncated>
		<difficult>0</difficult>
		<bndbox>
			<xmin>266</xmin>
			<ymin>202</ymin>
			<xmax>306</xmax>
			<ymax>231</ymax>
		</bndbox>
	</object>
	<object>
		<name>plate</name>
		<pose>Unspecified</pose>
		<truncated>0</truncated>
		<difficult>0</difficult>
		<bndbox>
			<xmin>231</xmin>
			<ymin>237</ymin>
			<xmax>338</xmax>
			<ymax>266</ymax>
		</bndbox>
	</object>
</annotation>
