<annotation>
	<folder>all_images</folder>
	<filename>FordSahibinden_14.jpg</filename>
	<path>/Users/canrollas/Projects/OCR/images/simple_images/all_images/FordSahibinden_14.jpg</path>
	<source>
		<database>Unknown</database>
	</source>
	<size>
		<width>528</width>
		<height>396</height>
		<depth>3</depth>
	</size>
	<segmented>0</segmented>
	<object>
		<name>ford</name>
		<pose>Unspecified</pose>
		<truncated>0</truncated>
		<difficult>0</difficult>
		<bndbox>
			<xmin>243</xmin>
			<ymin>215</ymin>
			<xmax>274</xmax>
			<ymax>233</ymax>
		</bndbox>
	</object>
	<object>
		<name>plate</name>
		<pose>Unspecified</pose>
		<truncated>0</truncated>
		<difficult>0</difficult>
		<bndbox>
			<xmin>192</xmin>
			<ymin>292</ymin>
			<xmax>317</xmax>
			<ymax>332</ymax>
		</bndbox>
	</object>
</annotation>
