<annotation>
	<folder>all_images</folder>
	<filename>HyundaiSahibinden_24.jpg</filename>
	<path>/Users/canrollas/Projects/OCR/images/simple_images/all_images/HyundaiSahibinden_24.jpg</path>
	<source>
		<database>Unknown</database>
	</source>
	<size>
		<width>528</width>
		<height>396</height>
		<depth>3</depth>
	</size>
	<segmented>0</segmented>
	<object>
		<name>hyundai</name>
		<pose>Unspecified</pose>
		<truncated>0</truncated>
		<difficult>0</difficult>
		<bndbox>
			<xmin>235</xmin>
			<ymin>174</ymin>
			<xmax>286</xmax>
			<ymax>217</ymax>
		</bndbox>
	</object>
	<object>
		<name>plate</name>
		<pose>Unspecified</pose>
		<truncated>0</truncated>
		<difficult>0</difficult>
		<bndbox>
			<xmin>196</xmin>
			<ymin>257</ymin>
			<xmax>325</xmax>
			<ymax>293</ymax>
		</bndbox>
	</object>
</annotation>
