<annotation>
	<folder>all_images</folder>
	<filename>HyundaiSahibinden_18.jpg</filename>
	<path>/Users/canrollas/Projects/OCR/images/simple_images/all_images/HyundaiSahibinden_18.jpg</path>
	<source>
		<database>Unknown</database>
	</source>
	<size>
		<width>528</width>
		<height>396</height>
		<depth>3</depth>
	</size>
	<segmented>0</segmented>
	<object>
		<name>hyundai</name>
		<pose>Unspecified</pose>
		<truncated>0</truncated>
		<difficult>0</difficult>
		<bndbox>
			<xmin>31</xmin>
			<ymin>150</ymin>
			<xmax>49</xmax>
			<ymax>168</ymax>
		</bndbox>
	</object>
	<object>
		<name>plate</name>
		<pose>Unspecified</pose>
		<truncated>0</truncated>
		<difficult>0</difficult>
		<bndbox>
			<xmin>14</xmin>
			<ymin>171</ymin>
			<xmax>67</xmax>
			<ymax>216</ymax>
		</bndbox>
	</object>
</annotation>
