<annotation>
	<folder>all_images</folder>
	<filename>HyundaiSahibinden_19.jpg</filename>
	<path>/Users/canrollas/Projects/OCR/images/simple_images/all_images/HyundaiSahibinden_19.jpg</path>
	<source>
		<database>Unknown</database>
	</source>
	<size>
		<width>528</width>
		<height>396</height>
		<depth>3</depth>
	</size>
	<segmented>0</segmented>
	<object>
		<name>hyundai</name>
		<pose>Unspecified</pose>
		<truncated>0</truncated>
		<difficult>0</difficult>
		<bndbox>
			<xmin>384</xmin>
			<ymin>213</ymin>
			<xmax>423</xmax>
			<ymax>241</ymax>
		</bndbox>
	</object>
	<object>
		<name>plate</name>
		<pose>Unspecified</pose>
		<truncated>0</truncated>
		<difficult>0</difficult>
		<bndbox>
			<xmin>372</xmin>
			<ymin>278</ymin>
			<xmax>452</xmax>
			<ymax>324</ymax>
		</bndbox>
	</object>
</annotation>
