<annotation>
	<folder>all_images</folder>
	<filename>KiaSahibinden_17.jpg</filename>
	<path>/Users/canrollas/Projects/OCR/images/simple_images/all_images/KiaSahibinden_17.jpg</path>
	<source>
		<database>Unknown</database>
	</source>
	<size>
		<width>528</width>
		<height>396</height>
		<depth>3</depth>
	</size>
	<segmented>0</segmented>
	<object>
		<name>kia</name>
		<pose>Unspecified</pose>
		<truncated>0</truncated>
		<difficult>0</difficult>
		<bndbox>
			<xmin>117</xmin>
			<ymin>219</ymin>
			<xmax>155</xmax>
			<ymax>247</ymax>
		</bndbox>
	</object>
	<object>
		<name>plate</name>
		<pose>Unspecified</pose>
		<truncated>0</truncated>
		<difficult>0</difficult>
		<bndbox>
			<xmin>80</xmin>
			<ymin>275</ymin>
			<xmax>177</xmax>
			<ymax>332</ymax>
		</bndbox>
	</object>
</annotation>
