<annotation>
	<folder>all_images</folder>
	<filename>KiaSahibinden_27.jpg</filename>
	<path>/Users/canrollas/Projects/OCR/images/simple_images/all_images/KiaSahibinden_27.jpg</path>
	<source>
		<database>Unknown</database>
	</source>
	<size>
		<width>528</width>
		<height>396</height>
		<depth>3</depth>
	</size>
	<segmented>0</segmented>
	<object>
		<name>kia</name>
		<pose>Unspecified</pose>
		<truncated>0</truncated>
		<difficult>0</difficult>
		<bndbox>
			<xmin>172</xmin>
			<ymin>240</ymin>
			<xmax>186</xmax>
			<ymax>253</ymax>
		</bndbox>
	</object>
	<object>
		<name>plate</name>
		<pose>Unspecified</pose>
		<truncated>0</truncated>
		<difficult>0</difficult>
		<bndbox>
			<xmin>142</xmin>
			<ymin>279</ymin>
			<xmax>189</xmax>
			<ymax>312</ymax>
		</bndbox>
	</object>
</annotation>
