<annotation>
	<folder>all_images</folder>
	<filename>KiaSahibinden_30.jpg</filename>
	<path>/Users/canrollas/Projects/OCR/images/simple_images/all_images/KiaSahibinden_30.jpg</path>
	<source>
		<database>Unknown</database>
	</source>
	<size>
		<width>528</width>
		<height>396</height>
		<depth>3</depth>
	</size>
	<segmented>0</segmented>
	<object>
		<name>kia</name>
		<pose>Unspecified</pose>
		<truncated>0</truncated>
		<difficult>0</difficult>
		<bndbox>
			<xmin>256</xmin>
			<ymin>207</ymin>
			<xmax>287</xmax>
			<ymax>221</ymax>
		</bndbox>
	</object>
	<object>
		<name>plate</name>
		<pose>Unspecified</pose>
		<truncated>0</truncated>
		<difficult>0</difficult>
		<bndbox>
			<xmin>223</xmin>
			<ymin>264</ymin>
			<xmax>321</xmax>
			<ymax>292</ymax>
		</bndbox>
	</object>
</annotation>
