<annotation>
	<folder>all_images</folder>
	<filename>KiaSahibinden_11.jpg</filename>
	<path>/Users/canrollas/Projects/OCR/images/simple_images/all_images/KiaSahibinden_11.jpg</path>
	<source>
		<database>Unknown</database>
	</source>
	<size>
		<width>528</width>
		<height>396</height>
		<depth>3</depth>
	</size>
	<segmented>0</segmented>
	<object>
		<name>kia</name>
		<pose>Unspecified</pose>
		<truncated>0</truncated>
		<difficult>0</difficult>
		<bndbox>
			<xmin>153</xmin>
			<ymin>202</ymin>
			<xmax>177</xmax>
			<ymax>222</ymax>
		</bndbox>
	</object>
	<object>
		<name>plate</name>
		<pose>Unspecified</pose>
		<truncated>0</truncated>
		<difficult>0</difficult>
		<bndbox>
			<xmin>131</xmin>
			<ymin>241</ymin>
			<xmax>193</xmax>
			<ymax>278</ymax>
		</bndbox>
	</object>
</annotation>
