<annotation>
	<folder>all_images</folder>
	<filename>KiaSahibinden_6.jpg</filename>
	<path>/Users/canrollas/Projects/OCR/images/simple_images/all_images/KiaSahibinden_6.jpg</path>
	<source>
		<database>Unknown</database>
	</source>
	<size>
		<width>528</width>
		<height>396</height>
		<depth>3</depth>
	</size>
	<segmented>0</segmented>
	<object>
		<name>kia</name>
		<pose>Unspecified</pose>
		<truncated>0</truncated>
		<difficult>0</difficult>
		<bndbox>
			<xmin>391</xmin>
			<ymin>254</ymin>
			<xmax>410</xmax>
			<ymax>276</ymax>
		</bndbox>
	</object>
	<object>
		<name>kia</name>
		<pose>Unspecified</pose>
		<truncated>0</truncated>
		<difficult>0</difficult>
		<bndbox>
			<xmin>380</xmin>
			<ymin>288</ymin>
			<xmax>431</xmax>
			<ymax>339</ymax>
		</bndbox>
	</object>
</annotation>
