<annotation>
	<folder>all_images</folder>
	<filename>KiaSahibinden_14.jpg</filename>
	<path>/Users/canrollas/Projects/OCR/images/simple_images/all_images/KiaSahibinden_14.jpg</path>
	<source>
		<database>Unknown</database>
	</source>
	<size>
		<width>528</width>
		<height>396</height>
		<depth>3</depth>
	</size>
	<segmented>0</segmented>
	<object>
		<name>kia</name>
		<pose>Unspecified</pose>
		<truncated>0</truncated>
		<difficult>0</difficult>
		<bndbox>
			<xmin>127</xmin>
			<ymin>197</ymin>
			<xmax>152</xmax>
			<ymax>219</ymax>
		</bndbox>
	</object>
	<object>
		<name>plate</name>
		<pose>Unspecified</pose>
		<truncated>0</truncated>
		<difficult>0</difficult>
		<bndbox>
			<xmin>75</xmin>
			<ymin>261</ymin>
			<xmax>171</xmax>
			<ymax>310</ymax>
		</bndbox>
	</object>
</annotation>
