<annotation>
	<folder>all_images</folder>
	<filename>LandRoverSahibinden_30.jpg</filename>
	<path>/Users/canrollas/Projects/OCR/images/simple_images/all_images/LandRoverSahibinden_30.jpg</path>
	<source>
		<database>Unknown</database>
	</source>
	<size>
		<width>528</width>
		<height>396</height>
		<depth>3</depth>
	</size>
	<segmented>0</segmented>
	<object>
		<name>rover</name>
		<pose>Unspecified</pose>
		<truncated>0</truncated>
		<difficult>0</difficult>
		<bndbox>
			<xmin>331</xmin>
			<ymin>177</ymin>
			<xmax>415</xmax>
			<ymax>199</ymax>
		</bndbox>
	</object>
	<object>
		<name>rover</name>
		<pose>Unspecified</pose>
		<truncated>0</truncated>
		<difficult>0</difficult>
		<bndbox>
			<xmin>383</xmin>
			<ymin>239</ymin>
			<xmax>438</xmax>
			<ymax>286</ymax>
		</bndbox>
	</object>
</annotation>
