<annotation>
	<folder>all_images</folder>
	<filename>LandRoverSahibinden_9.jpg</filename>
	<path>/Users/canrollas/Projects/OCR/images/simple_images/all_images/LandRoverSahibinden_9.jpg</path>
	<source>
		<database>Unknown</database>
	</source>
	<size>
		<width>528</width>
		<height>396</height>
		<depth>3</depth>
	</size>
	<segmented>0</segmented>
	<object>
		<name>rover</name>
		<pose>Unspecified</pose>
		<truncated>0</truncated>
		<difficult>0</difficult>
		<bndbox>
			<xmin>61</xmin>
			<ymin>239</ymin>
			<xmax>154</xmax>
			<ymax>266</ymax>
		</bndbox>
	</object>
	<object>
		<name>plate</name>
		<pose>Unspecified</pose>
		<truncated>0</truncated>
		<difficult>0</difficult>
		<bndbox>
			<xmin>56</xmin>
			<ymin>312</ymin>
			<xmax>120</xmax>
			<ymax>342</ymax>
		</bndbox>
	</object>
</annotation>
