<annotation>
	<folder>all_images</folder>
	<filename>Mercedes-BenzSahibinden_22.jpg</filename>
	<path>/Users/canrollas/Projects/OCR/images/simple_images/all_images/Mercedes-BenzSahibinden_22.jpg</path>
	<source>
		<database>Unknown</database>
	</source>
	<size>
		<width>528</width>
		<height>396</height>
		<depth>3</depth>
	</size>
	<segmented>0</segmented>
	<object>
		<name>mercedes</name>
		<pose>Unspecified</pose>
		<truncated>0</truncated>
		<difficult>0</difficult>
		<bndbox>
			<xmin>242</xmin>
			<ymin>193</ymin>
			<xmax>286</xmax>
			<ymax>236</ymax>
		</bndbox>
	</object>
	<object>
		<name>plate</name>
		<pose>Unspecified</pose>
		<truncated>0</truncated>
		<difficult>0</difficult>
		<bndbox>
			<xmin>216</xmin>
			<ymin>235</ymin>
			<xmax>318</xmax>
			<ymax>264</ymax>
		</bndbox>
	</object>
</annotation>
