<annotation>
	<folder>all_images</folder>
	<filename>Mercedes-BenzSahibinden_29.jpg</filename>
	<path>/Users/canrollas/Projects/OCR/images/simple_images/all_images/Mercedes-BenzSahibinden_29.jpg</path>
	<source>
		<database>Unknown</database>
	</source>
	<size>
		<width>528</width>
		<height>396</height>
		<depth>3</depth>
	</size>
	<segmented>0</segmented>
	<object>
		<name>mercedes</name>
		<pose>Unspecified</pose>
		<truncated>0</truncated>
		<difficult>0</difficult>
		<bndbox>
			<xmin>243</xmin>
			<ymin>238</ymin>
			<xmax>280</xmax>
			<ymax>272</ymax>
		</bndbox>
	</object>
	<object>
		<name>plate</name>
		<pose>Unspecified</pose>
		<truncated>0</truncated>
		<difficult>0</difficult>
		<bndbox>
			<xmin>217</xmin>
			<ymin>272</ymin>
			<xmax>308</xmax>
			<ymax>296</ymax>
		</bndbox>
	</object>
</annotation>
