<annotation>
	<folder>all_images</folder>
	<filename>NissanSahibinden_22.jpg</filename>
	<path>/Users/canrollas/Projects/OCR/images/simple_images/all_images/NissanSahibinden_22.jpg</path>
	<source>
		<database>Unknown</database>
	</source>
	<size>
		<width>528</width>
		<height>396</height>
		<depth>3</depth>
	</size>
	<segmented>0</segmented>
	<object>
		<name>nissan</name>
		<pose>Unspecified</pose>
		<truncated>0</truncated>
		<difficult>0</difficult>
		<bndbox>
			<xmin>81</xmin>
			<ymin>180</ymin>
			<xmax>118</xmax>
			<ymax>224</ymax>
		</bndbox>
	</object>
	<object>
		<name>plate</name>
		<pose>Unspecified</pose>
		<truncated>0</truncated>
		<difficult>0</difficult>
		<bndbox>
			<xmin>44</xmin>
			<ymin>238</ymin>
			<xmax>160</xmax>
			<ymax>291</ymax>
		</bndbox>
	</object>
</annotation>
