<annotation>
	<folder>all_images</folder>
	<filename>NissanSahibinden_24.jpg</filename>
	<path>/Users/canrollas/Projects/OCR/images/simple_images/all_images/NissanSahibinden_24.jpg</path>
	<source>
		<database>Unknown</database>
	</source>
	<size>
		<width>528</width>
		<height>396</height>
		<depth>3</depth>
	</size>
	<segmented>0</segmented>
	<object>
		<name>nissan</name>
		<pose>Unspecified</pose>
		<truncated>0</truncated>
		<difficult>0</difficult>
		<bndbox>
			<xmin>248</xmin>
			<ymin>236</ymin>
			<xmax>279</xmax>
			<ymax>268</ymax>
		</bndbox>
	</object>
	<object>
		<name>plate</name>
		<pose>Unspecified</pose>
		<truncated>0</truncated>
		<difficult>0</difficult>
		<bndbox>
			<xmin>213</xmin>
			<ymin>280</ymin>
			<xmax>312</xmax>
			<ymax>305</ymax>
		</bndbox>
	</object>
</annotation>
