<annotation>
	<folder>all_images</folder>
	<filename>NissanSahibinden_12.jpg</filename>
	<path>/Users/canrollas/Projects/OCR/images/simple_images/all_images/NissanSahibinden_12.jpg</path>
	<source>
		<database>Unknown</database>
	</source>
	<size>
		<width>528</width>
		<height>396</height>
		<depth>3</depth>
	</size>
	<segmented>0</segmented>
	<object>
		<name>nissan</name>
		<pose>Unspecified</pose>
		<truncated>0</truncated>
		<difficult>0</difficult>
		<bndbox>
			<xmin>76</xmin>
			<ymin>186</ymin>
			<xmax>100</xmax>
			<ymax>217</ymax>
		</bndbox>
	</object>
	<object>
		<name>plate</name>
		<pose>Unspecified</pose>
		<truncated>0</truncated>
		<difficult>0</difficult>
		<bndbox>
			<xmin>64</xmin>
			<ymin>229</ymin>
			<xmax>117</xmax>
			<ymax>271</ymax>
		</bndbox>
	</object>
</annotation>
