<annotation>
	<folder>all_images</folder>
	<filename>NissanSahibinden_20.jpg</filename>
	<path>/Users/canrollas/Projects/OCR/images/simple_images/all_images/NissanSahibinden_20.jpg</path>
	<source>
		<database>Unknown</database>
	</source>
	<size>
		<width>528</width>
		<height>396</height>
		<depth>3</depth>
	</size>
	<segmented>0</segmented>
	<object>
		<name>nissan</name>
		<pose>Unspecified</pose>
		<truncated>0</truncated>
		<difficult>0</difficult>
		<bndbox>
			<xmin>125</xmin>
			<ymin>187</ymin>
			<xmax>144</xmax>
			<ymax>212</ymax>
		</bndbox>
	</object>
	<object>
		<name>plate</name>
		<pose>Unspecified</pose>
		<truncated>0</truncated>
		<difficult>0</difficult>
		<bndbox>
			<xmin>105</xmin>
			<ymin>222</ymin>
			<xmax>153</xmax>
			<ymax>249</ymax>
		</bndbox>
	</object>
</annotation>
