<annotation>
	<folder>all_images</folder>
	<filename>OpelSahibinden_28.jpg</filename>
	<path>/Users/canrollas/Projects/OCR/images/simple_images/all_images/OpelSahibinden_28.jpg</path>
	<source>
		<database>Unknown</database>
	</source>
	<size>
		<width>528</width>
		<height>396</height>
		<depth>3</depth>
	</size>
	<segmented>0</segmented>
	<object>
		<name>opel</name>
		<pose>Unspecified</pose>
		<truncated>0</truncated>
		<difficult>0</difficult>
		<bndbox>
			<xmin>368</xmin>
			<ymin>227</ymin>
			<xmax>386</xmax>
			<ymax>247</ymax>
		</bndbox>
	</object>
	<object>
		<name>plate</name>
		<pose>Unspecified</pose>
		<truncated>0</truncated>
		<difficult>0</difficult>
		<bndbox>
			<xmin>347</xmin>
			<ymin>248</ymin>
			<xmax>415</xmax>
			<ymax>277</ymax>
		</bndbox>
	</object>
</annotation>
