<annotation>
	<folder>all_images</folder>
	<filename>OpelSahibinden_17.jpg</filename>
	<path>/Users/canrollas/Projects/OCR/images/simple_images/all_images/OpelSahibinden_17.jpg</path>
	<source>
		<database>Unknown</database>
	</source>
	<size>
		<width>528</width>
		<height>396</height>
		<depth>3</depth>
	</size>
	<segmented>0</segmented>
	<object>
		<name>opel</name>
		<pose>Unspecified</pose>
		<truncated>0</truncated>
		<difficult>0</difficult>
		<bndbox>
			<xmin>400</xmin>
			<ymin>173</ymin>
			<xmax>428</xmax>
			<ymax>210</ymax>
		</bndbox>
	</object>
	<object>
		<name>plate</name>
		<pose>Unspecified</pose>
		<truncated>0</truncated>
		<difficult>0</difficult>
		<bndbox>
			<xmin>381</xmin>
			<ymin>237</ymin>
			<xmax>457</xmax>
			<ymax>301</ymax>
		</bndbox>
	</object>
</annotation>
