<annotation>
	<folder>all_images</folder>
	<filename>PeugeotSahibinden_15.jpg</filename>
	<path>/Users/canrollas/Projects/OCR/images/simple_images/all_images/PeugeotSahibinden_15.jpg</path>
	<source>
		<database>Unknown</database>
	</source>
	<size>
		<width>528</width>
		<height>396</height>
		<depth>3</depth>
	</size>
	<segmented>0</segmented>
	<object>
		<name>peugeot</name>
		<pose>Unspecified</pose>
		<truncated>0</truncated>
		<difficult>0</difficult>
		<bndbox>
			<xmin>249</xmin>
			<ymin>230</ymin>
			<xmax>281</xmax>
			<ymax>262</ymax>
		</bndbox>
	</object>
	<object>
		<name>plate</name>
		<pose>Unspecified</pose>
		<truncated>0</truncated>
		<difficult>0</difficult>
		<bndbox>
			<xmin>194</xmin>
			<ymin>274</ymin>
			<xmax>338</xmax>
			<ymax>319</ymax>
		</bndbox>
	</object>
</annotation>
