<annotation>
	<folder>all_images</folder>
	<filename>PeugeotSahibinden_21.jpg</filename>
	<path>/Users/canrollas/Projects/OCR/images/simple_images/all_images/PeugeotSahibinden_21.jpg</path>
	<source>
		<database>Unknown</database>
	</source>
	<size>
		<width>528</width>
		<height>396</height>
		<depth>3</depth>
	</size>
	<segmented>0</segmented>
	<object>
		<name>peugeot</name>
		<pose>Unspecified</pose>
		<truncated>0</truncated>
		<difficult>0</difficult>
		<bndbox>
			<xmin>93</xmin>
			<ymin>190</ymin>
			<xmax>129</xmax>
			<ymax>230</ymax>
		</bndbox>
	</object>
	<object>
		<name>plate</name>
		<pose>Unspecified</pose>
		<truncated>0</truncated>
		<difficult>0</difficult>
		<bndbox>
			<xmin>75</xmin>
			<ymin>259</ymin>
			<xmax>126</xmax>
			<ymax>304</ymax>
		</bndbox>
	</object>
</annotation>
