<annotation>
	<folder>all_images</folder>
	<filename>PeugeotSahibinden_7.jpg</filename>
	<path>/Users/canrollas/Projects/OCR/images/simple_images/all_images/PeugeotSahibinden_7.jpg</path>
	<source>
		<database>Unknown</database>
	</source>
	<size>
		<width>528</width>
		<height>396</height>
		<depth>3</depth>
	</size>
	<segmented>0</segmented>
	<object>
		<name>peugeot</name>
		<pose>Unspecified</pose>
		<truncated>0</truncated>
		<difficult>0</difficult>
		<bndbox>
			<xmin>253</xmin>
			<ymin>197</ymin>
			<xmax>281</xmax>
			<ymax>220</ymax>
		</bndbox>
	</object>
	<object>
		<name>plate</name>
		<pose>Unspecified</pose>
		<truncated>0</truncated>
		<difficult>0</difficult>
		<bndbox>
			<xmin>215</xmin>
			<ymin>256</ymin>
			<xmax>324</xmax>
			<ymax>288</ymax>
		</bndbox>
	</object>
</annotation>
