<annotation>
	<folder>all_images</folder>
	<filename>PeugeotSahibinden_27.jpg</filename>
	<path>/Users/canrollas/Projects/OCR/images/simple_images/all_images/PeugeotSahibinden_27.jpg</path>
	<source>
		<database>Unknown</database>
	</source>
	<size>
		<width>528</width>
		<height>396</height>
		<depth>3</depth>
	</size>
	<segmented>0</segmented>
	<object>
		<name>peugeot</name>
		<pose>Unspecified</pose>
		<truncated>0</truncated>
		<difficult>0</difficult>
		<bndbox>
			<xmin>371</xmin>
			<ymin>187</ymin>
			<xmax>398</xmax>
			<ymax>211</ymax>
		</bndbox>
	</object>
	<object>
		<name>plate</name>
		<pose>Unspecified</pose>
		<truncated>0</truncated>
		<difficult>0</difficult>
		<bndbox>
			<xmin>382</xmin>
			<ymin>228</ymin>
			<xmax>422</xmax>
			<ymax>265</ymax>
		</bndbox>
	</object>
</annotation>
