<annotation>
	<folder>all_images</folder>
	<filename>PeugeotSahibinden_8.jpg</filename>
	<path>/Users/canrollas/Projects/OCR/images/simple_images/all_images/PeugeotSahibinden_8.jpg</path>
	<source>
		<database>Unknown</database>
	</source>
	<size>
		<width>528</width>
		<height>396</height>
		<depth>3</depth>
	</size>
	<segmented>0</segmented>
	<object>
		<name>peugeot</name>
		<pose>Unspecified</pose>
		<truncated>0</truncated>
		<difficult>0</difficult>
		<bndbox>
			<xmin>245</xmin>
			<ymin>219</ymin>
			<xmax>307</xmax>
			<ymax>263</ymax>
		</bndbox>
	</object>
	<object>
		<name>plate</name>
		<pose>Unspecified</pose>
		<truncated>0</truncated>
		<difficult>0</difficult>
		<bndbox>
			<xmin>224</xmin>
			<ymin>301</ymin>
			<xmax>338</xmax>
			<ymax>338</ymax>
		</bndbox>
	</object>
</annotation>
