<annotation>
	<folder>all_images</folder>
	<filename>RenaultSahibinden_20.jpg</filename>
	<path>/Users/canrollas/Projects/OCR/images/simple_images/all_images/RenaultSahibinden_20.jpg</path>
	<source>
		<database>Unknown</database>
	</source>
	<size>
		<width>528</width>
		<height>396</height>
		<depth>3</depth>
	</size>
	<segmented>0</segmented>
	<object>
		<name>renault</name>
		<pose>Unspecified</pose>
		<truncated>0</truncated>
		<difficult>0</difficult>
		<bndbox>
			<xmin>262</xmin>
			<ymin>204</ymin>
			<xmax>285</xmax>
			<ymax>235</ymax>
		</bndbox>
	</object>
	<object>
		<name>plate</name>
		<pose>Unspecified</pose>
		<truncated>0</truncated>
		<difficult>0</difficult>
		<bndbox>
			<xmin>229</xmin>
			<ymin>235</ymin>
			<xmax>316</xmax>
			<ymax>265</ymax>
		</bndbox>
	</object>
</annotation>
