<annotation>
	<folder>all_images</folder>
	<filename>RenaultSahibinden_25.jpg</filename>
	<path>/Users/canrollas/Projects/OCR/images/simple_images/all_images/RenaultSahibinden_25.jpg</path>
	<source>
		<database>Unknown</database>
	</source>
	<size>
		<width>528</width>
		<height>396</height>
		<depth>3</depth>
	</size>
	<segmented>0</segmented>
	<object>
		<name>renault</name>
		<pose>Unspecified</pose>
		<truncated>0</truncated>
		<difficult>0</difficult>
		<bndbox>
			<xmin>132</xmin>
			<ymin>148</ymin>
			<xmax>162</xmax>
			<ymax>198</ymax>
		</bndbox>
	</object>
	<object>
		<name>plate</name>
		<pose>Unspecified</pose>
		<truncated>0</truncated>
		<difficult>0</difficult>
		<bndbox>
			<xmin>108</xmin>
			<ymin>197</ymin>
			<xmax>186</xmax>
			<ymax>242</ymax>
		</bndbox>
	</object>
</annotation>
