<annotation>
	<folder>all_images</folder>
	<filename>RenaultSahibinden_19.jpg</filename>
	<path>/Users/canrollas/Projects/OCR/images/simple_images/all_images/RenaultSahibinden_19.jpg</path>
	<source>
		<database>Unknown</database>
	</source>
	<size>
		<width>528</width>
		<height>396</height>
		<depth>3</depth>
	</size>
	<segmented>0</segmented>
	<object>
		<name>renault</name>
		<pose>Unspecified</pose>
		<truncated>0</truncated>
		<difficult>0</difficult>
		<bndbox>
			<xmin>263</xmin>
			<ymin>226</ymin>
			<xmax>289</xmax>
			<ymax>272</ymax>
		</bndbox>
	</object>
	<object>
		<name>plate</name>
		<pose>Unspecified</pose>
		<truncated>0</truncated>
		<difficult>0</difficult>
		<bndbox>
			<xmin>230</xmin>
			<ymin>277</ymin>
			<xmax>319</xmax>
			<ymax>310</ymax>
		</bndbox>
	</object>
</annotation>
