<annotation>
	<folder>all_images</folder>
	<filename>SeatSahibinden_11.jpg</filename>
	<path>/Users/canrollas/Projects/OCR/images/simple_images/all_images/SeatSahibinden_11.jpg</path>
	<source>
		<database>Unknown</database>
	</source>
	<size>
		<width>528</width>
		<height>396</height>
		<depth>3</depth>
	</size>
	<segmented>0</segmented>
	<object>
		<name>seat</name>
		<pose>Unspecified</pose>
		<truncated>0</truncated>
		<difficult>0</difficult>
		<bndbox>
			<xmin>315</xmin>
			<ymin>272</ymin>
			<xmax>339</xmax>
			<ymax>291</ymax>
		</bndbox>
	</object>
	<object>
		<name>plate</name>
		<pose>Unspecified</pose>
		<truncated>0</truncated>
		<difficult>0</difficult>
		<bndbox>
			<xmin>300</xmin>
			<ymin>290</ymin>
			<xmax>365</xmax>
			<ymax>315</ymax>
		</bndbox>
	</object>
</annotation>
