<annotation>
	<folder>all_images</folder>
	<filename>SeatSahibinden_28.jpg</filename>
	<path>/Users/canrollas/Projects/OCR/images/simple_images/all_images/SeatSahibinden_28.jpg</path>
	<source>
		<database>Unknown</database>
	</source>
	<size>
		<width>528</width>
		<height>396</height>
		<depth>3</depth>
	</size>
	<segmented>0</segmented>
	<object>
		<name>seat</name>
		<pose>Unspecified</pose>
		<truncated>0</truncated>
		<difficult>0</difficult>
		<bndbox>
			<xmin>135</xmin>
			<ymin>256</ymin>
			<xmax>153</xmax>
			<ymax>278</ymax>
		</bndbox>
	</object>
	<object>
		<name>plate</name>
		<pose>Unspecified</pose>
		<truncated>0</truncated>
		<difficult>0</difficult>
		<bndbox>
			<xmin>110</xmin>
			<ymin>279</ymin>
			<xmax>176</xmax>
			<ymax>302</ymax>
		</bndbox>
	</object>
</annotation>
