<annotation>
	<folder>all_images</folder>
	<filename>SkodaSahibinden_15.jpg</filename>
	<path>/Users/canrollas/Projects/OCR/images/simple_images/all_images/SkodaSahibinden_15.jpg</path>
	<source>
		<database>Unknown</database>
	</source>
	<size>
		<width>528</width>
		<height>396</height>
		<depth>3</depth>
	</size>
	<segmented>0</segmented>
	<object>
		<name>skoda</name>
		<pose>Unspecified</pose>
		<truncated>0</truncated>
		<difficult>0</difficult>
		<bndbox>
			<xmin>124</xmin>
			<ymin>175</ymin>
			<xmax>147</xmax>
			<ymax>204</ymax>
		</bndbox>
	</object>
	<object>
		<name>plate</name>
		<pose>Unspecified</pose>
		<truncated>0</truncated>
		<difficult>0</difficult>
		<bndbox>
			<xmin>70</xmin>
			<ymin>246</ymin>
			<xmax>187</xmax>
			<ymax>296</ymax>
		</bndbox>
	</object>
</annotation>
