<annotation>
	<folder>all_images</folder>
	<filename>SkodaSahibinden_12.jpg</filename>
	<path>/Users/canrollas/Projects/OCR/images/simple_images/all_images/SkodaSahibinden_12.jpg</path>
	<source>
		<database>Unknown</database>
	</source>
	<size>
		<width>528</width>
		<height>396</height>
		<depth>3</depth>
	</size>
	<segmented>0</segmented>
	<object>
		<name>skoda</name>
		<pose>Unspecified</pose>
		<truncated>0</truncated>
		<difficult>0</difficult>
		<bndbox>
			<xmin>376</xmin>
			<ymin>148</ymin>
			<xmax>389</xmax>
			<ymax>166</ymax>
		</bndbox>
	</object>
	<object>
		<name>plate</name>
		<pose>Unspecified</pose>
		<truncated>0</truncated>
		<difficult>0</difficult>
		<bndbox>
			<xmin>365</xmin>
			<ymin>179</ymin>
			<xmax>410</xmax>
			<ymax>212</ymax>
		</bndbox>
	</object>
</annotation>
