<annotation>
	<folder>all_images</folder>
	<filename>SkodaSahibinden_21.jpg</filename>
	<path>/Users/canrollas/Projects/OCR/images/simple_images/all_images/SkodaSahibinden_21.jpg</path>
	<source>
		<database>Unknown</database>
	</source>
	<size>
		<width>528</width>
		<height>396</height>
		<depth>3</depth>
	</size>
	<segmented>0</segmented>
	<object>
		<name>skoda</name>
		<pose>Unspecified</pose>
		<truncated>0</truncated>
		<difficult>0</difficult>
		<bndbox>
			<xmin>367</xmin>
			<ymin>243</ymin>
			<xmax>388</xmax>
			<ymax>263</ymax>
		</bndbox>
	</object>
	<object>
		<name>plate</name>
		<pose>Unspecified</pose>
		<truncated>0</truncated>
		<difficult>0</difficult>
		<bndbox>
			<xmin>346</xmin>
			<ymin>284</ymin>
			<xmax>418</xmax>
			<ymax>330</ymax>
		</bndbox>
	</object>
</annotation>
