<annotation>
	<folder>all_images</folder>
	<filename>SkodaSahibinden_26.jpg</filename>
	<path>/Users/canrollas/Projects/OCR/images/simple_images/all_images/SkodaSahibinden_26.jpg</path>
	<source>
		<database>Unknown</database>
	</source>
	<size>
		<width>528</width>
		<height>396</height>
		<depth>3</depth>
	</size>
	<segmented>0</segmented>
	<object>
		<name>skoda</name>
		<pose>Unspecified</pose>
		<truncated>0</truncated>
		<difficult>0</difficult>
		<bndbox>
			<xmin>274</xmin>
			<ymin>144</ymin>
			<xmax>294</xmax>
			<ymax>159</ymax>
		</bndbox>
	</object>
	<object>
		<name>plate</name>
		<pose>Unspecified</pose>
		<truncated>0</truncated>
		<difficult>0</difficult>
		<bndbox>
			<xmin>251</xmin>
			<ymin>182</ymin>
			<xmax>322</xmax>
			<ymax>202</ymax>
		</bndbox>
	</object>
</annotation>
