<annotation>
	<folder>all_images</folder>
	<filename>SkodaSahibinden_6.jpg</filename>
	<path>/Users/canrollas/Projects/OCR/images/simple_images/all_images/SkodaSahibinden_6.jpg</path>
	<source>
		<database>Unknown</database>
	</source>
	<size>
		<width>528</width>
		<height>396</height>
		<depth>3</depth>
	</size>
	<segmented>0</segmented>
	<object>
		<name>skoda</name>
		<pose>Unspecified</pose>
		<truncated>0</truncated>
		<difficult>0</difficult>
		<bndbox>
			<xmin>381</xmin>
			<ymin>254</ymin>
			<xmax>404</xmax>
			<ymax>276</ymax>
		</bndbox>
	</object>
	<object>
		<name>plate</name>
		<pose>Unspecified</pose>
		<truncated>0</truncated>
		<difficult>0</difficult>
		<bndbox>
			<xmin>364</xmin>
			<ymin>298</ymin>
			<xmax>437</xmax>
			<ymax>331</ymax>
		</bndbox>
	</object>
</annotation>
