<annotation>
	<folder>all_images</folder>
	<filename>ToyotaSahibinden_25.jpg</filename>
	<path>/Users/canrollas/Projects/OCR/images/simple_images/all_images/ToyotaSahibinden_25.jpg</path>
	<source>
		<database>Unknown</database>
	</source>
	<size>
		<width>528</width>
		<height>396</height>
		<depth>3</depth>
	</size>
	<segmented>0</segmented>
	<object>
		<name>toyota</name>
		<pose>Unspecified</pose>
		<truncated>0</truncated>
		<difficult>0</difficult>
		<bndbox>
			<xmin>364</xmin>
			<ymin>197</ymin>
			<xmax>388</xmax>
			<ymax>217</ymax>
		</bndbox>
	</object>
	<object>
		<name>plate</name>
		<pose>Unspecified</pose>
		<truncated>0</truncated>
		<difficult>0</difficult>
		<bndbox>
			<xmin>344</xmin>
			<ymin>221</ymin>
			<xmax>406</xmax>
			<ymax>251</ymax>
		</bndbox>
	</object>
</annotation>
