<annotation>
	<folder>all_images</folder>
	<filename>ToyotaSahibinden_16.jpg</filename>
	<path>/Users/canrollas/Projects/OCR/images/simple_images/all_images/ToyotaSahibinden_16.jpg</path>
	<source>
		<database>Unknown</database>
	</source>
	<size>
		<width>528</width>
		<height>396</height>
		<depth>3</depth>
	</size>
	<segmented>0</segmented>
	<object>
		<name>toyota</name>
		<pose>Unspecified</pose>
		<truncated>0</truncated>
		<difficult>0</difficult>
		<bndbox>
			<xmin>132</xmin>
			<ymin>207</ymin>
			<xmax>151</xmax>
			<ymax>229</ymax>
		</bndbox>
	</object>
	<object>
		<name>plate</name>
		<pose>Unspecified</pose>
		<truncated>0</truncated>
		<difficult>0</difficult>
		<bndbox>
			<xmin>107</xmin>
			<ymin>236</ymin>
			<xmax>162</xmax>
			<ymax>272</ymax>
		</bndbox>
	</object>
</annotation>
