<annotation>
	<folder>all_images</folder>
	<filename>ToyotaSahibinden_10.jpg</filename>
	<path>/Users/canrollas/Projects/OCR/images/simple_images/all_images/ToyotaSahibinden_10.jpg</path>
	<source>
		<database>Unknown</database>
	</source>
	<size>
		<width>528</width>
		<height>396</height>
		<depth>3</depth>
	</size>
	<segmented>0</segmented>
	<object>
		<name>toyota</name>
		<pose>Unspecified</pose>
		<truncated>0</truncated>
		<difficult>0</difficult>
		<bndbox>
			<xmin>372</xmin>
			<ymin>241</ymin>
			<xmax>408</xmax>
			<ymax>274</ymax>
		</bndbox>
	</object>
	<object>
		<name>plate</name>
		<pose>Unspecified</pose>
		<truncated>0</truncated>
		<difficult>0</difficult>
		<bndbox>
			<xmin>343</xmin>
			<ymin>274</ymin>
			<xmax>444</xmax>
			<ymax>322</ymax>
		</bndbox>
	</object>
</annotation>
