<annotation>
	<folder>all_images</folder>
	<filename>VolkswagenSahibinden_26.jpg</filename>
	<path>/Users/canrollas/Projects/OCR/images/simple_images/all_images/VolkswagenSahibinden_26.jpg</path>
	<source>
		<database>Unknown</database>
	</source>
	<size>
		<width>528</width>
		<height>396</height>
		<depth>3</depth>
	</size>
	<segmented>0</segmented>
	<object>
		<name>volkswagen</name>
		<pose>Unspecified</pose>
		<truncated>0</truncated>
		<difficult>0</difficult>
		<bndbox>
			<xmin>312</xmin>
			<ymin>199</ymin>
			<xmax>330</xmax>
			<ymax>218</ymax>
		</bndbox>
	</object>
	<object>
		<name>plate</name>
		<pose>Unspecified</pose>
		<truncated>0</truncated>
		<difficult>0</difficult>
		<bndbox>
			<xmin>304</xmin>
			<ymin>216</ymin>
			<xmax>351</xmax>
			<ymax>239</ymax>
		</bndbox>
	</object>
</annotation>
