<annotation>
	<folder>all_images</folder>
	<filename>VolkswagenSahibinden_5.jpg</filename>
	<path>/Users/canrollas/Projects/OCR/images/simple_images/all_images/VolkswagenSahibinden_5.jpg</path>
	<source>
		<database>Unknown</database>
	</source>
	<size>
		<width>528</width>
		<height>396</height>
		<depth>3</depth>
	</size>
	<segmented>0</segmented>
	<object>
		<name>volkswagen</name>
		<pose>Unspecified</pose>
		<truncated>0</truncated>
		<difficult>0</difficult>
		<bndbox>
			<xmin>45</xmin>
			<ymin>153</ymin>
			<xmax>69</xmax>
			<ymax>182</ymax>
		</bndbox>
	</object>
	<object>
		<name>plate</name>
		<pose>Unspecified</pose>
		<truncated>0</truncated>
		<difficult>0</difficult>
		<bndbox>
			<xmin>25</xmin>
			<ymin>182</ymin>
			<xmax>71</xmax>
			<ymax>216</ymax>
		</bndbox>
	</object>
</annotation>
