<annotation>
	<folder>all_images</folder>
	<filename>VolkswagenSahibinden_20.jpg</filename>
	<path>/Users/canrollas/Projects/OCR/images/simple_images/all_images/VolkswagenSahibinden_20.jpg</path>
	<source>
		<database>Unknown</database>
	</source>
	<size>
		<width>528</width>
		<height>396</height>
		<depth>3</depth>
	</size>
	<segmented>0</segmented>
	<object>
		<name>volkswagen</name>
		<pose>Unspecified</pose>
		<truncated>0</truncated>
		<difficult>0</difficult>
		<bndbox>
			<xmin>400</xmin>
			<ymin>176</ymin>
			<xmax>437</xmax>
			<ymax>214</ymax>
		</bndbox>
	</object>
	<object>
		<name>plate</name>
		<pose>Unspecified</pose>
		<truncated>0</truncated>
		<difficult>0</difficult>
		<bndbox>
			<xmin>392</xmin>
			<ymin>260</ymin>
			<xmax>465</xmax>
			<ymax>290</ymax>
		</bndbox>
	</object>
</annotation>
