<annotation>
	<folder>all_images</folder>
	<filename>VolvoSahibinden_22.jpg</filename>
	<path>/Users/canrollas/Projects/OCR/images/simple_images/all_images/VolvoSahibinden_22.jpg</path>
	<source>
		<database>Unknown</database>
	</source>
	<size>
		<width>480</width>
		<height>360</height>
		<depth>3</depth>
	</size>
	<segmented>0</segmented>
	<object>
		<name>volvo</name>
		<pose>Unspecified</pose>
		<truncated>0</truncated>
		<difficult>0</difficult>
		<bndbox>
			<xmin>227</xmin>
			<ymin>245</ymin>
			<xmax>263</xmax>
			<ymax>276</ymax>
		</bndbox>
	</object>
	<object>
		<name>plate</name>
		<pose>Unspecified</pose>
		<truncated>0</truncated>
		<difficult>0</difficult>
		<bndbox>
			<xmin>205</xmin>
			<ymin>279</ymin>
			<xmax>289</xmax>
			<ymax>308</ymax>
		</bndbox>
	</object>
</annotation>
