<annotation>
	<folder>all_images</folder>
	<filename>VolvoSahibinden_25.jpg</filename>
	<path>/Users/canrollas/Projects/OCR/images/simple_images/all_images/VolvoSahibinden_25.jpg</path>
	<source>
		<database>Unknown</database>
	</source>
	<size>
		<width>580</width>
		<height>435</height>
		<depth>3</depth>
	</size>
	<segmented>0</segmented>
	<object>
		<name>volvo</name>
		<pose>Unspecified</pose>
		<truncated>0</truncated>
		<difficult>0</difficult>
		<bndbox>
			<xmin>312</xmin>
			<ymin>273</ymin>
			<xmax>351</xmax>
			<ymax>313</ymax>
		</bndbox>
	</object>
	<object>
		<name>plate</name>
		<pose>Unspecified</pose>
		<truncated>0</truncated>
		<difficult>0</difficult>
		<bndbox>
			<xmin>255</xmin>
			<ymin>311</ymin>
			<xmax>405</xmax>
			<ymax>351</ymax>
		</bndbox>
	</object>
</annotation>
