<annotation>
	<folder>all_images</folder>
	<filename>VolvoSahibinden_29.jpg</filename>
	<path>/Users/canrollas/Projects/OCR/images/simple_images/all_images/VolvoSahibinden_29.jpg</path>
	<source>
		<database>Unknown</database>
	</source>
	<size>
		<width>528</width>
		<height>396</height>
		<depth>3</depth>
	</size>
	<segmented>0</segmented>
	<object>
		<name>volvo</name>
		<pose>Unspecified</pose>
		<truncated>0</truncated>
		<difficult>0</difficult>
		<bndbox>
			<xmin>445</xmin>
			<ymin>186</ymin>
			<xmax>474</xmax>
			<ymax>210</ymax>
		</bndbox>
	</object>
	<object>
		<name>plate</name>
		<pose>Unspecified</pose>
		<truncated>0</truncated>
		<difficult>0</difficult>
		<bndbox>
			<xmin>444</xmin>
			<ymin>221</ymin>
			<xmax>494</xmax>
			<ymax>269</ymax>
		</bndbox>
	</object>
</annotation>
