<annotation>
	<folder>all_images</folder>
	<filename>AudiSahibinden_15.jpg</filename>
	<path>/Users/canrollas/Projects/OCR/images/simple_images/all_images/AudiSahibinden_15.jpg</path>
	<source>
		<database>Unknown</database>
	</source>
	<size>
		<width>528</width>
		<height>396</height>
		<depth>3</depth>
	</size>
	<segmented>0</segmented>
	<object>
		<name>audi</name>
		<pose>Unspecified</pose>
		<truncated>0</truncated>
		<difficult>0</difficult>
		<bndbox>
			<xmin>389</xmin>
			<ymin>244</ymin>
			<xmax>437</xmax>
			<ymax>269</ymax>
		</bndbox>
	</object>
	<object>
		<name>plate</name>
		<pose>Unspecified</pose>
		<truncated>0</truncated>
		<difficult>0</difficult>
		<bndbox>
			<xmin>374</xmin>
			<ymin>263</ymin>
			<xmax>458</xmax>
			<ymax>301</ymax>
		</bndbox>
	</object>
</annotation>
