<annotation>
	<folder>all_images</folder>
	<filename>AudiSahibinden_28.jpg</filename>
	<path>/Users/canrollas/Projects/OCR/images/simple_images/all_images/AudiSahibinden_28.jpg</path>
	<source>
		<database>Unknown</database>
	</source>
	<size>
		<width>528</width>
		<height>396</height>
		<depth>3</depth>
	</size>
	<segmented>0</segmented>
	<object>
		<name>audi</name>
		<pose>Unspecified</pose>
		<truncated>0</truncated>
		<difficult>0</difficult>
		<bndbox>
			<xmin>213</xmin>
			<ymin>250</ymin>
			<xmax>292</xmax>
			<ymax>284</ymax>
		</bndbox>
	</object>
	<object>
		<name>plate</name>
		<pose>Unspecified</pose>
		<truncated>0</truncated>
		<difficult>0</difficult>
		<bndbox>
			<xmin>180</xmin>
			<ymin>281</ymin>
			<xmax>337</xmax>
			<ymax>325</ymax>
		</bndbox>
	</object>
</annotation>
