<annotation>
	<folder>all_images</folder>
	<filename>CitroënSahibinden_26.jpg</filename>
	<path>/Users/canrollas/Projects/OCR/images/simple_images/all_images/CitroënSahibinden_26.jpg</path>
	<source>
		<database>Unknown</database>
	</source>
	<size>
		<width>528</width>
		<height>396</height>
		<depth>3</depth>
	</size>
	<segmented>0</segmented>
	<object>
		<name>citroen</name>
		<pose>Unspecified</pose>
		<truncated>0</truncated>
		<difficult>0</difficult>
		<bndbox>
			<xmin>247</xmin>
			<ymin>179</ymin>
			<xmax>281</xmax>
			<ymax>218</ymax>
		</bndbox>
	</object>
	<object>
		<name>plate</name>
		<pose>Unspecified</pose>
		<truncated>0</truncated>
		<difficult>0</difficult>
		<bndbox>
			<xmin>206</xmin>
			<ymin>248</ymin>
			<xmax>312</xmax>
			<ymax>278</ymax>
		</bndbox>
	</object>
</annotation>
