<annotation>
	<folder>all_images</folder>
	<filename>CitroënSahibinden_24.jpg</filename>
	<path>/Users/canrollas/Projects/OCR/images/simple_images/all_images/CitroënSahibinden_24.jpg</path>
	<source>
		<database>Unknown</database>
	</source>
	<size>
		<width>528</width>
		<height>396</height>
		<depth>3</depth>
	</size>
	<segmented>0</segmented>
	<object>
		<name>citroen</name>
		<pose>Unspecified</pose>
		<truncated>0</truncated>
		<difficult>0</difficult>
		<bndbox>
			<xmin>245</xmin>
			<ymin>177</ymin>
			<xmax>304</xmax>
			<ymax>227</ymax>
		</bndbox>
	</object>
	<object>
		<name>plate</name>
		<pose>Unspecified</pose>
		<truncated>0</truncated>
		<difficult>0</difficult>
		<bndbox>
			<xmin>197</xmin>
			<ymin>265</ymin>
			<xmax>352</xmax>
			<ymax>312</ymax>
		</bndbox>
	</object>
</annotation>
