<annotation>
	<folder>all_images</folder>
	<filename>FordSahibinden_27.jpg</filename>
	<path>/Users/canrollas/Projects/OCR/images/simple_images/all_images/FordSahibinden_27.jpg</path>
	<source>
		<database>Unknown</database>
	</source>
	<size>
		<width>528</width>
		<height>396</height>
		<depth>3</depth>
	</size>
	<segmented>0</segmented>
	<object>
		<name>ford</name>
		<pose>Unspecified</pose>
		<truncated>0</truncated>
		<difficult>0</difficult>
		<bndbox>
			<xmin>108</xmin>
			<ymin>207</ymin>
			<xmax>122</xmax>
			<ymax>224</ymax>
		</bndbox>
	</object>
	<object>
		<name>plate</name>
		<pose>Unspecified</pose>
		<truncated>0</truncated>
		<difficult>0</difficult>
		<bndbox>
			<xmin>84</xmin>
			<ymin>258</ymin>
			<xmax>132</xmax>
			<ymax>295</ymax>
		</bndbox>
	</object>
</annotation>
