<annotation>
	<folder>all_images</folder>
	<filename>FordSahibinden_30.jpg</filename>
	<path>/Users/canrollas/Projects/OCR/images/simple_images/all_images/FordSahibinden_30.jpg</path>
	<source>
		<database>Unknown</database>
	</source>
	<size>
		<width>528</width>
		<height>396</height>
		<depth>3</depth>
	</size>
	<segmented>0</segmented>
	<object>
		<name>ford</name>
		<pose>Unspecified</pose>
		<truncated>0</truncated>
		<difficult>0</difficult>
		<bndbox>
			<xmin>150</xmin>
			<ymin>154</ymin>
			<xmax>166</xmax>
			<ymax>164</ymax>
		</bndbox>
	</object>
	<object>
		<name>plate</name>
		<pose>Unspecified</pose>
		<truncated>0</truncated>
		<difficult>0</difficult>
		<bndbox>
			<xmin>131</xmin>
			<ymin>192</ymin>
			<xmax>179</xmax>
			<ymax>217</ymax>
		</bndbox>
	</object>
</annotation>
