<annotation>
	<folder>all_images</folder>
	<filename>FordSahibinden_25.jpg</filename>
	<path>/Users/canrollas/Projects/OCR/images/simple_images/all_images/FordSahibinden_25.jpg</path>
	<source>
		<database>Unknown</database>
	</source>
	<size>
		<width>528</width>
		<height>396</height>
		<depth>3</depth>
	</size>
	<segmented>0</segmented>
	<object>
		<name>ford</name>
		<pose>Unspecified</pose>
		<truncated>0</truncated>
		<difficult>0</difficult>
		<bndbox>
			<xmin>111</xmin>
			<ymin>172</ymin>
			<xmax>125</xmax>
			<ymax>186</ymax>
		</bndbox>
	</object>
	<object>
		<name>plate</name>
		<pose>Unspecified</pose>
		<truncated>0</truncated>
		<difficult>0</difficult>
		<bndbox>
			<xmin>90</xmin>
			<ymin>210</ymin>
			<xmax>133</xmax>
			<ymax>247</ymax>
		</bndbox>
	</object>
</annotation>
