<annotation>
	<folder>all_images</folder>
	<filename>HondaSahibinden_9.jpg</filename>
	<path>/Users/canrollas/Projects/OCR/images/simple_images/all_images/HondaSahibinden_9.jpg</path>
	<source>
		<database>Unknown</database>
	</source>
	<size>
		<width>528</width>
		<height>396</height>
		<depth>3</depth>
	</size>
	<segmented>0</segmented>
	<object>
		<name>honda</name>
		<pose>Unspecified</pose>
		<truncated>0</truncated>
		<difficult>0</difficult>
		<bndbox>
			<xmin>342</xmin>
			<ymin>219</ymin>
			<xmax>376</xmax>
			<ymax>254</ymax>
		</bndbox>
	</object>
	<object>
		<name>plate</name>
		<pose>Unspecified</pose>
		<truncated>0</truncated>
		<difficult>0</difficult>
		<bndbox>
			<xmin>335</xmin>
			<ymin>280</ymin>
			<xmax>405</xmax>
			<ymax>330</ymax>
		</bndbox>
	</object>
</annotation>
