<annotation>
	<folder>all_images</folder>
	<filename>LandRoverSahibinden_8.jpg</filename>
	<path>/Users/canrollas/Projects/OCR/images/simple_images/all_images/LandRoverSahibinden_8.jpg</path>
	<source>
		<database>Unknown</database>
	</source>
	<size>
		<width>528</width>
		<height>396</height>
		<depth>3</depth>
	</size>
	<segmented>0</segmented>
	<object>
		<name>rover</name>
		<pose>Unspecified</pose>
		<truncated>0</truncated>
		<difficult>0</difficult>
		<bndbox>
			<xmin>41</xmin>
			<ymin>219</ymin>
			<xmax>103</xmax>
			<ymax>243</ymax>
		</bndbox>
	</object>
	<object>
		<name>plate</name>
		<pose>Unspecified</pose>
		<truncated>0</truncated>
		<difficult>0</difficult>
		<bndbox>
			<xmin>28</xmin>
			<ymin>266</ymin>
			<xmax>69</xmax>
			<ymax>295</ymax>
		</bndbox>
	</object>
</annotation>
