<annotation>
	<folder>all_images</folder>
	<filename>Mercedes-BenzSahibinden_6.jpg</filename>
	<path>/Users/canrollas/Projects/OCR/images/simple_images/all_images/Mercedes-BenzSahibinden_6.jpg</path>
	<source>
		<database>Unknown</database>
	</source>
	<size>
		<width>528</width>
		<height>396</height>
		<depth>3</depth>
	</size>
	<segmented>0</segmented>
	<object>
		<name>mercedes</name>
		<pose>Unspecified</pose>
		<truncated>0</truncated>
		<difficult>0</difficult>
		<bndbox>
			<xmin>366</xmin>
			<ymin>207</ymin>
			<xmax>402</xmax>
			<ymax>250</ymax>
		</bndbox>
	</object>
	<object>
		<name>plate</name>
		<pose>Unspecified</pose>
		<truncated>0</truncated>
		<difficult>0</difficult>
		<bndbox>
			<xmin>351</xmin>
			<ymin>245</ymin>
			<xmax>424</xmax>
			<ymax>285</ymax>
		</bndbox>
	</object>
</annotation>
