<annotation>
	<folder>all_images</folder>
	<filename>Mercedes-BenzSahibinden_17.jpg</filename>
	<path>/Users/canrollas/Projects/OCR/images/simple_images/all_images/Mercedes-BenzSahibinden_17.jpg</path>
	<source>
		<database>Unknown</database>
	</source>
	<size>
		<width>528</width>
		<height>396</height>
		<depth>3</depth>
	</size>
	<segmented>0</segmented>
	<object>
		<name>mercedes</name>
		<pose>Unspecified</pose>
		<truncated>0</truncated>
		<difficult>0</difficult>
		<bndbox>
			<xmin>218</xmin>
			<ymin>236</ymin>
			<xmax>275</xmax>
			<ymax>281</ymax>
		</bndbox>
	</object>
	<object>
		<name>plate</name>
		<pose>Unspecified</pose>
		<truncated>0</truncated>
		<difficult>0</difficult>
		<bndbox>
			<xmin>188</xmin>
			<ymin>283</ymin>
			<xmax>316</xmax>
			<ymax>319</ymax>
		</bndbox>
	</object>
</annotation>
