<annotation>
	<folder>all_images</folder>
	<filename>NissanSahibinden_27.jpg</filename>
	<path>/Users/canrollas/Projects/OCR/images/simple_images/all_images/NissanSahibinden_27.jpg</path>
	<source>
		<database>Unknown</database>
	</source>
	<size>
		<width>528</width>
		<height>396</height>
		<depth>3</depth>
	</size>
	<segmented>0</segmented>
	<object>
		<name>nissan</name>
		<pose>Unspecified</pose>
		<truncated>0</truncated>
		<difficult>0</difficult>
		<bndbox>
			<xmin>238</xmin>
			<ymin>167</ymin>
			<xmax>284</xmax>
			<ymax>212</ymax>
		</bndbox>
	</object>
	<object>
		<name>plate</name>
		<pose>Unspecified</pose>
		<truncated>0</truncated>
		<difficult>0</difficult>
		<bndbox>
			<xmin>199</xmin>
			<ymin>257</ymin>
			<xmax>321</xmax>
			<ymax>292</ymax>
		</bndbox>
	</object>
</annotation>
