<annotation>
	<folder>all_images</folder>
	<filename>OpelSahibinden_30.jpg</filename>
	<path>/Users/canrollas/Projects/OCR/images/simple_images/all_images/OpelSahibinden_30.jpg</path>
	<source>
		<database>Unknown</database>
	</source>
	<size>
		<width>528</width>
		<height>396</height>
		<depth>3</depth>
	</size>
	<segmented>0</segmented>
	<object>
		<name>opel</name>
		<pose>Unspecified</pose>
		<truncated>0</truncated>
		<difficult>0</difficult>
		<bndbox>
			<xmin>251</xmin>
			<ymin>252</ymin>
			<xmax>281</xmax>
			<ymax>281</ymax>
		</bndbox>
	</object>
	<object>
		<name>plate</name>
		<pose>Unspecified</pose>
		<truncated>0</truncated>
		<difficult>0</difficult>
		<bndbox>
			<xmin>213</xmin>
			<ymin>292</ymin>
			<xmax>326</xmax>
			<ymax>322</ymax>
		</bndbox>
	</object>
</annotation>
