<annotation>
	<folder>all_images</folder>
	<filename>OpelSahibinden_22.jpg</filename>
	<path>/Users/canrollas/Projects/OCR/images/simple_images/all_images/OpelSahibinden_22.jpg</path>
	<source>
		<database>Unknown</database>
	</source>
	<size>
		<width>528</width>
		<height>396</height>
		<depth>3</depth>
	</size>
	<segmented>0</segmented>
	<object>
		<name>opel</name>
		<pose>Unspecified</pose>
		<truncated>0</truncated>
		<difficult>0</difficult>
		<bndbox>
			<xmin>247</xmin>
			<ymin>249</ymin>
			<xmax>280</xmax>
			<ymax>278</ymax>
		</bndbox>
	</object>
	<object>
		<name>plate</name>
		<pose>Unspecified</pose>
		<truncated>0</truncated>
		<difficult>0</difficult>
		<bndbox>
			<xmin>207</xmin>
			<ymin>282</ymin>
			<xmax>320</xmax>
			<ymax>308</ymax>
		</bndbox>
	</object>
</annotation>
