<annotation>
	<folder>all_images</folder>
	<filename>RenaultSahibinden_8.jpg</filename>
	<path>/Users/canrollas/Projects/OCR/images/simple_images/all_images/RenaultSahibinden_8.jpg</path>
	<source>
		<database>Unknown</database>
	</source>
	<size>
		<width>528</width>
		<height>396</height>
		<depth>3</depth>
	</size>
	<segmented>0</segmented>
	<object>
		<name>renault</name>
		<pose>Unspecified</pose>
		<truncated>0</truncated>
		<difficult>0</difficult>
		<bndbox>
			<xmin>55</xmin>
			<ymin>179</ymin>
			<xmax>72</xmax>
			<ymax>223</ymax>
		</bndbox>
	</object>
	<object>
		<name>plate</name>
		<pose>Unspecified</pose>
		<truncated>0</truncated>
		<difficult>0</difficult>
		<bndbox>
			<xmin>35</xmin>
			<ymin>241</ymin>
			<xmax>71</xmax>
			<ymax>276</ymax>
		</bndbox>
	</object>
</annotation>
