<annotation>
	<folder>all_images</folder>
	<filename>SeatSahibinden_13.jpg</filename>
	<path>/Users/canrollas/Projects/OCR/images/simple_images/all_images/SeatSahibinden_13.jpg</path>
	<source>
		<database>Unknown</database>
	</source>
	<size>
		<width>528</width>
		<height>396</height>
		<depth>3</depth>
	</size>
	<segmented>0</segmented>
	<object>
		<name>seat</name>
		<pose>Unspecified</pose>
		<truncated>0</truncated>
		<difficult>0</difficult>
		<bndbox>
			<xmin>171</xmin>
			<ymin>234</ymin>
			<xmax>180</xmax>
			<ymax>252</ymax>
		</bndbox>
	</object>
	<object>
		<name>plate</name>
		<pose>Unspecified</pose>
		<truncated>0</truncated>
		<difficult>0</difficult>
		<bndbox>
			<xmin>151</xmin>
			<ymin>248</ymin>
			<xmax>194</xmax>
			<ymax>279</ymax>
		</bndbox>
	</object>
</annotation>
