<annotation>
	<folder>all_images</folder>
	<filename>ToyotaSahibinden_11.jpg</filename>
	<path>/Users/canrollas/Projects/OCR/images/simple_images/all_images/ToyotaSahibinden_11.jpg</path>
	<source>
		<database>Unknown</database>
	</source>
	<size>
		<width>528</width>
		<height>396</height>
		<depth>3</depth>
	</size>
	<segmented>0</segmented>
	<object>
		<name>toyota</name>
		<pose>Unspecified</pose>
		<truncated>0</truncated>
		<difficult>0</difficult>
		<bndbox>
			<xmin>369</xmin>
			<ymin>229</ymin>
			<xmax>397</xmax>
			<ymax>250</ymax>
		</bndbox>
	</object>
	<object>
		<name>plate</name>
		<pose>Unspecified</pose>
		<truncated>0</truncated>
		<difficult>0</difficult>
		<bndbox>
			<xmin>358</xmin>
			<ymin>259</ymin>
			<xmax>416</xmax>
			<ymax>294</ymax>
		</bndbox>
	</object>
</annotation>
