<annotation>
	<folder>all_images</folder>
	<filename>VolvoSahibinden_24.jpg</filename>
	<path>/Users/canrollas/Projects/OCR/images/simple_images/all_images/VolvoSahibinden_24.jpg</path>
	<source>
		<database>Unknown</database>
	</source>
	<size>
		<width>528</width>
		<height>396</height>
		<depth>3</depth>
	</size>
	<segmented>0</segmented>
	<object>
		<name>volvo</name>
		<pose>Unspecified</pose>
		<truncated>0</truncated>
		<difficult>0</difficult>
		<bndbox>
			<xmin>235</xmin>
			<ymin>218</ymin>
			<xmax>293</xmax>
			<ymax>271</ymax>
		</bndbox>
	</object>
	<object>
		<name>plate</name>
		<pose>Unspecified</pose>
		<truncated>0</truncated>
		<difficult>0</difficult>
		<bndbox>
			<xmin>181</xmin>
			<ymin>278</ymin>
			<xmax>357</xmax>
			<ymax>328</ymax>
		</bndbox>
	</object>
</annotation>
