<annotation>
	<folder>all_images</folder>
	<filename>AudiSahibinden_27.jpg</filename>
	<path>/Users/canrollas/Projects/OCR/images/simple_images/all_images/AudiSahibinden_27.jpg</path>
	<source>
		<database>Unknown</database>
	</source>
	<size>
		<width>528</width>
		<height>396</height>
		<depth>3</depth>
	</size>
	<segmented>0</segmented>
	<object>
		<name>audi</name>
		<pose>Unspecified</pose>
		<truncated>0</truncated>
		<difficult>0</difficult>
		<bndbox>
			<xmin>96</xmin>
			<ymin>192</ymin>
			<xmax>169</xmax>
			<ymax>237</ymax>
		</bndbox>
	</object>
	<object>
		<name>plate</name>
		<pose>Unspecified</pose>
		<truncated>0</truncated>
		<difficult>0</difficult>
		<bndbox>
			<xmin>73</xmin>
			<ymin>229</ymin>
			<xmax>192</xmax>
			<ymax>294</ymax>
		</bndbox>
	</object>
</annotation>
