<annotation>
	<folder>all_images</folder>
	<filename>FiatSahibinden_24.jpg</filename>
	<path>/Users/canrollas/Projects/OCR/images/simple_images/all_images/FiatSahibinden_24.jpg</path>
	<source>
		<database>Unknown</database>
	</source>
	<size>
		<width>528</width>
		<height>396</height>
		<depth>3</depth>
	</size>
	<segmented>0</segmented>
	<object>
		<name>fiat</name>
		<pose>Unspecified</pose>
		<truncated>0</truncated>
		<difficult>0</difficult>
		<bndbox>
			<xmin>353</xmin>
			<ymin>176</ymin>
			<xmax>383</xmax>
			<ymax>197</ymax>
		</bndbox>
	</object>
	<object>
		<name>plate</name>
		<pose>Unspecified</pose>
		<truncated>0</truncated>
		<difficult>0</difficult>
		<bndbox>
			<xmin>345</xmin>
			<ymin>198</ymin>
			<xmax>391</xmax>
			<ymax>217</ymax>
		</bndbox>
	</object>
</annotation>
