<annotation>
	<folder>all_images</folder>
	<filename>LandRoverSahibinden_5.jpg</filename>
	<path>/Users/canrollas/Projects/OCR/images/simple_images/all_images/LandRoverSahibinden_5.jpg</path>
	<source>
		<database>Unknown</database>
	</source>
	<size>
		<width>528</width>
		<height>396</height>
		<depth>3</depth>
	</size>
	<segmented>0</segmented>
	<object>
		<name>rover</name>
		<pose>Unspecified</pose>
		<truncated>0</truncated>
		<difficult>0</difficult>
		<bndbox>
			<xmin>55</xmin>
			<ymin>163</ymin>
			<xmax>190</xmax>
			<ymax>185</ymax>
		</bndbox>
	</object>
	<object>
		<name>plate</name>
		<pose>Unspecified</pose>
		<truncated>0</truncated>
		<difficult>0</difficult>
		<bndbox>
			<xmin>47</xmin>
			<ymin>264</ymin>
			<xmax>139</xmax>
			<ymax>303</ymax>
		</bndbox>
	</object>
</annotation>
