<annotation>
	<folder>all_images</folder>
	<filename>OpelSahibinden_10.jpg</filename>
	<path>/Users/canrollas/Projects/OCR/images/simple_images/all_images/OpelSahibinden_10.jpg</path>
	<source>
		<database>Unknown</database>
	</source>
	<size>
		<width>528</width>
		<height>396</height>
		<depth>3</depth>
	</size>
	<segmented>0</segmented>
	<object>
		<name>opel</name>
		<pose>Unspecified</pose>
		<truncated>0</truncated>
		<difficult>0</difficult>
		<bndbox>
			<xmin>96</xmin>
			<ymin>237</ymin>
			<xmax>115</xmax>
			<ymax>260</ymax>
		</bndbox>
	</object>
	<object>
		<name>plate</name>
		<pose>Unspecified</pose>
		<truncated>0</truncated>
		<difficult>0</difficult>
		<bndbox>
			<xmin>72</xmin>
			<ymin>263</ymin>
			<xmax>131</xmax>
			<ymax>299</ymax>
		</bndbox>
	</object>
</annotation>
