<annotation>
	<folder>all_images</folder>
	<filename>SeatSahibinden_14.jpg</filename>
	<path>/Users/canrollas/Projects/OCR/images/simple_images/all_images/SeatSahibinden_14.jpg</path>
	<source>
		<database>Unknown</database>
	</source>
	<size>
		<width>528</width>
		<height>396</height>
		<depth>3</depth>
	</size>
	<segmented>0</segmented>
	<object>
		<name>seat</name>
		<pose>Unspecified</pose>
		<truncated>0</truncated>
		<difficult>0</difficult>
		<bndbox>
			<xmin>80</xmin>
			<ymin>248</ymin>
			<xmax>99</xmax>
			<ymax>273</ymax>
		</bndbox>
	</object>
	<object>
		<name>plate</name>
		<pose>Unspecified</pose>
		<truncated>0</truncated>
		<difficult>0</difficult>
		<bndbox>
			<xmin>46</xmin>
			<ymin>275</ymin>
			<xmax>117</xmax>
			<ymax>309</ymax>
		</bndbox>
	</object>
</annotation>
