<annotation>
	<folder>all_images</folder>
	<filename>ToyotaSahibinden_18.jpg</filename>
	<path>/Users/canrollas/Projects/OCR/images/simple_images/all_images/ToyotaSahibinden_18.jpg</path>
	<source>
		<database>Unknown</database>
	</source>
	<size>
		<width>528</width>
		<height>396</height>
		<depth>3</depth>
	</size>
	<segmented>0</segmented>
	<object>
		<name>toyota</name>
		<pose>Unspecified</pose>
		<truncated>0</truncated>
		<difficult>0</difficult>
		<bndbox>
			<xmin>355</xmin>
			<ymin>276</ymin>
			<xmax>374</xmax>
			<ymax>302</ymax>
		</bndbox>
	</object>
	<object>
		<name>plate</name>
		<pose>Unspecified</pose>
		<truncated>0</truncated>
		<difficult>0</difficult>
		<bndbox>
			<xmin>340</xmin>
			<ymin>296</ymin>
			<xmax>398</xmax>
			<ymax>339</ymax>
		</bndbox>
	</object>
</annotation>
