<annotation>
	<folder>all_images</folder>
	<filename>VolkswagenSahibinden_21.jpg</filename>
	<path>/Users/canrollas/Projects/OCR/images/simple_images/all_images/VolkswagenSahibinden_21.jpg</path>
	<source>
		<database>Unknown</database>
	</source>
	<size>
		<width>528</width>
		<height>396</height>
		<depth>3</depth>
	</size>
	<segmented>0</segmented>
	<object>
		<name>volkswagen</name>
		<pose>Unspecified</pose>
		<truncated>0</truncated>
		<difficult>0</difficult>
		<bndbox>
			<xmin>368</xmin>
			<ymin>216</ymin>
			<xmax>384</xmax>
			<ymax>237</ymax>
		</bndbox>
	</object>
	<object>
		<name>plate</name>
		<pose>Unspecified</pose>
		<truncated>0</truncated>
		<difficult>0</difficult>
		<bndbox>
			<xmin>360</xmin>
			<ymin>237</ymin>
			<xmax>404</xmax>
			<ymax>263</ymax>
		</bndbox>
	</object>
</annotation>
