<annotation>
	<folder>all_images</folder>
	<filename>VolkswagenSahibinden_8.jpg</filename>
	<path>/Users/canrollas/Projects/OCR/images/simple_images/all_images/VolkswagenSahibinden_8.jpg</path>
	<source>
		<database>Unknown</database>
	</source>
	<size>
		<width>528</width>
		<height>396</height>
		<depth>3</depth>
	</size>
	<segmented>0</segmented>
	<object>
		<name>volkswagen</name>
		<pose>Unspecified</pose>
		<truncated>0</truncated>
		<difficult>0</difficult>
		<bndbox>
			<xmin>315</xmin>
			<ymin>212</ymin>
			<xmax>344</xmax>
			<ymax>246</ymax>
		</bndbox>
	</object>
	<object>
		<name>plate</name>
		<pose>Unspecified</pose>
		<truncated>0</truncated>
		<difficult>0</difficult>
		<bndbox>
			<xmin>282</xmin>
			<ymin>255</ymin>
			<xmax>385</xmax>
			<ymax>286</ymax>
		</bndbox>
	</object>
</annotation>
