<annotation>
	<folder>all_images</folder>
	<filename>VolvoSahibinden_9.jpg</filename>
	<path>/Users/canrollas/Projects/OCR/images/simple_images/all_images/VolvoSahibinden_9.jpg</path>
	<source>
		<database>Unknown</database>
	</source>
	<size>
		<width>528</width>
		<height>396</height>
		<depth>3</depth>
	</size>
	<segmented>0</segmented>
	<object>
		<name>volvo</name>
		<pose>Unspecified</pose>
		<truncated>0</truncated>
		<difficult>0</difficult>
		<bndbox>
			<xmin>134</xmin>
			<ymin>240</ymin>
			<xmax>164</xmax>
			<ymax>276</ymax>
		</bndbox>
	</object>
	<object>
		<name>plate</name>
		<pose>Unspecified</pose>
		<truncated>0</truncated>
		<difficult>0</difficult>
		<bndbox>
			<xmin>103</xmin>
			<ymin>274</ymin>
			<xmax>191</xmax>
			<ymax>318</ymax>
		</bndbox>
	</object>
</annotation>
